Year,Month,Value
2022,12,2427.222
2022,11,2301.051
2022,10,2326.406
2022,9,2226.004
2022,8,2345.373
2022,7,2289.2
2022,6,2311.964
2022,5,2330.158
2022,4,2276.131
2022,3,2375.692
2022,2,2054.58
2022,1,2181.235
2021,12,2386.337
2021,11,2171.553
2021,10,2062.901
2021,9,1924.995
2021,8,2183.267
2021,7,2085.376
2021,6,2204.428
2021,5,2131.187
2021,4,2104.47
2021,3,2067.107
2021,2,1666.903
2021,1,2082.925
2020,12,2194.463
2020,11,1956.907
2020,10,1975.293
2020,9,1852.767
2020,8,1877.792
2020,7,1874.128
2020,6,1658.983
2020,5,1693.721
2020,4,1879.794
2020,3,2236.072
2020,2,2088.791
2020,1,2175.213
2019,12,2190.414
2019,11,2028.612
2019,10,2087.737
2019,9,1976.907
2019,8,1969.309
2019,7,1888.848
2019,6,1940.025
2019,5,1953.797
2019,4,1892.923
2019,3,1912.069
2019,2,1724.712
2019,1,1910.215
2018,12,1954.641
2018,11,1883.561
2018,10,1893.627
2018,9,1723.356
2018,8,1737.064
2018,7,1863.194
2018,6,1762.188
2018,5,1774.731
2018,4,1791.851
2018,3,1742.406
2018,2,1524.59
2018,1,1572.446
2017,12,1726.816
2017,11,1657.555
2017,10,1683.261
2017,9,1477.95
2017,8,1393.328
2017,7,1458.49
2017,6,1434.4
2017,5,1452.963
2017,4,1421.182
2017,3,1470.174
2017,2,1389.046
2017,1,1380.433
2016,12,1371.734
2016,11,1262.829
2016,10,1124.287
2016,9,1184.215
2016,8,1186.213
2016,7,1130.691
2016,6,1190.165
2016,5,1242.526
2016,4,1122.731
2016,3,1167.178
2016,2,1037.638
2016,1,1099.0
2015,12,1155.87
2015,11,1060.174
2015,10,1069.625
2015,9,1076.211
2015,8,1053.589
2015,7,1095.109
2015,6,1032.342
2015,5,1110.182
2015,4,1105.445
2015,3,1035.106
2015,2,1005.7
2015,1,1102.799
2014,12,1139.668
2014,11,1024.117
2014,10,1008.603
2014,9,965.961
2014,8,1060.628
2014,7,1060.902
2014,6,1014.303
2014,5,1013.292
2014,4,971.592
2014,3,1087.87
2014,2,923.229
2014,1,999.612
2013,12,1139.164
2013,11,983.436
2013,10,1062.513
2013,9,955.019
2013,8,1016.858
2013,7,1013.644
2013,6,958.085
2013,5,994.818
2013,4,904.987
2013,3,1020.149
2013,2,853.621
2013,1,885.251
2012,12,1035.291
2012,11,923.772
2012,10,936.499
2012,9,898.548
2012,8,932.236
2012,7,964.289
2012,6,977.275
2012,5,991.62
2012,4,979.321
2012,3,953.318
2012,2,823.604
2012,1,851.579
2011,12,1017.562
2011,11,886.75
2011,10,883.309
2011,9,884.387
2011,8,872.185
2011,7,846.629
2011,6,811.53
2011,5,840.131
2011,4,870.429
2011,3,872.969
2011,2,753.172
2011,1,833.665
2010,12,791.941
2010,11,754.706
2010,10,709.115
2010,9,670.074
2010,8,692.788
2010,7,710.795
2010,6,679.21
2010,5,698.946
2010,4,681.027
2010,3,649.691
2010,2,551.748
2010,1,585.99
2009,12,625.304
2009,11,597.667
2009,10,643.756
2009,9,595.72
2009,8,592.081
2009,7,615.762
2009,6,562.048
2009,5,532.902
2009,4,503.105
2009,3,554.864
2009,2,502.204
2009,1,594.788
2008,12,609.126
2008,11,586.393
2008,10,585.062
2008,9,515.312
2008,8,579.166
2008,7,600.389
2008,6,617.231
2008,5,615.485
2008,4,586.209
2008,3,600.703
2008,2,523.457
2008,1,530.649
2007,12,528.652
2007,11,549.215
2007,10,430.604
2007,9,427.378
2007,8,465.623
2007,7,490.083
2007,6,414.777
2007,5,438.586
2007,4,407.77
2007,3,410.738
2007,2,339.708
2007,1,434.676
2006,12,383.833
2006,11,423.896
2006,10,422.436
2006,9,446.167
2006,8,407.949
2006,7,390.463
2006,6,407.412
2006,5,423.22
2006,4,370.22
2006,3,372.633
2006,2,328.768
2006,1,350.341
2005,12,372.053
2005,11,294.863
2005,10,306.155
2005,9,302.734
2005,8,389.833
2005,7,386.297
2005,6,451.143
2005,5,432.842
2005,4,393.131
2005,3,405.872
2005,2,367.516
2005,1,359.447
2004,12,425.789
2004,11,343.311
2004,10,343.462
2004,9,355.972
2004,8,368.169
2004,7,364.962
2004,6,382.84
2004,5,383.469
2004,4,403.009
2004,3,381.4
2004,2,305.192
2004,1,293.786
2003,12,342.692
2003,11,335.859
2003,10,345.301
2003,9,320.76
2003,8,331.186
2003,7,335.838
2003,6,346.524
2003,5,351.413
2003,4,327.025
2003,3,308.318
2003,2,294.867
2003,1,373.346
2002,12,352.811
2002,11,308.158
2002,10,328.264
2002,9,296.349
2002,8,338.636
2002,7,266.196
2002,6,304.092
2002,5,290.081
2002,4,288.512
2002,3,262.905
2002,2,284.62
2002,1,287.616
2001,12,325.564
2001,11,325.163
2001,10,310.511
2001,9,287.774
2001,8,334.294
2001,7,275.281
2001,6,299.518
2001,5,352.24
2001,4,310.305
2001,3,286.021
2001,2,281.421
2001,1,343.018
2000,12,336.045
2000,11,371.588
2000,10,368.946
2000,9,318.828
2000,8,377.362
2000,7,308.008
2000,6,316.959
2000,5,319.377
2000,4,303.161
2000,3,360.495
2000,2,262.365
2000,1,318.532
1999,12,340.371
1999,11,311.809
1999,10,334.303
1999,9,298.718
1999,8,324.306
1999,7,311.04
1999,6,309.18
1999,5,291.118
1999,4,342.861
1999,3,274.649
1999,2,239.285
1999,1,291.152
1998,12,344.582
1998,11,302.757
1998,10,347.724
1998,9,341.731
1998,8,328.791
1998,7,362.567
1998,6,366.914
1998,5,395.844
1998,4,368.491
1998,3,357.569
1998,2,314.846
1998,1,404.923
1997,12,404.382
1997,11,351.987
1997,10,403.295
1997,9,374.964
1997,8,434.819
1997,7,371.342
1997,6,354.161
1997,5,357.21
1997,4,354.531
1997,3,366.35
1997,2,330.234
1997,1,390.121
1996,12,388.943
1996,11,401.802
1996,10,413.46
1996,9,417.916
1996,8,375.187
1996,7,389.241
1996,6,380.941
1996,5,371.114
1996,4,373.202
1996,3,350.848
1996,2,367.855
1996,1,382.039
1995,12,445.947
1995,11,384.029
1995,10,390.446
1995,9,362.921
1995,8,359.064
1995,7,351.448
1995,6,385.814
1995,5,381.3
1995,4,375.561
1995,3,371.297
1995,2,337.213
1995,1,350.851
1994,12,409.139
1994,11,355.634
1994,10,352.528
1994,9,357.83
1994,8,354.255
1994,7,323.213
1994,6,364.898
1994,5,315.409
1994,4,290.98
1994,3,342.258
1994,2,268.122
1994,1,301.016
1993,12,383.788
1993,11,313.287
1993,10,336.807
1993,9,330.493
1993,8,313.203
1993,7,366.057
1993,6,395.983
1993,5,368.658
1993,4,334.44
1993,3,337.857
1993,2,356.372
1993,1,389.729
1992,12,454.305
1992,11,421.614
1992,10,377.684
1992,9,411.916
1992,8,361.507
1992,7,436.025
1992,6,418.893
1992,5,427.79
1992,4,408.689
1992,3,407.686
1992,2,362.809
1992,1,448.024
1991,12,485.261
1991,11,457.316
1991,10,424.921
1991,9,426.834
1991,8,442.335
1991,7,448.328
1991,6,414.046
1991,5,480.037
1991,4,321.809
1991,3,390.163
1991,2,459.208
1991,1,390.709
1990,12,428.301
1990,11,452.523
1990,10,411.267
1990,9,429.923
1990,8,427.652
1990,7,376.414
1990,6,398.404
1990,5,395.314
1990,4,370.383
1990,3,405.798
1990,2,312.469
1990,1,344.036
1989,12,419.87
1989,11,444.459
1989,10,408.364
1989,9,382.094
1989,8,402.08
1989,7,319.511
1989,6,436.451
1989,5,412.071
1989,4,397.376
1989,3,393.816
1989,2,331.006
1989,1,313.8
1988,12,435.713
1988,11,357.231
1988,10,378.123
1988,9,393.352
1988,8,402.504
1988,7,376.724
1988,6,388.899
1988,5,367.61
1988,4,361.577
1988,3,347.037
1988,2,272.704
1988,1,284.978
1987,12,412.549
1987,11,327.548
1987,10,299.86
1987,9,321.435
1987,8,331.515
1987,7,304.889
1987,6,317.274
1987,5,298.087
1987,4,321.842
1987,3,309.288
1987,2,288.662
1987,1,279.001
1986,12,327.693
1986,11,329.66
1986,10,348.583
1986,9,345.79
1986,8,372.569
1986,7,336.621
1986,6,313.467
1986,5,362.502
1986,4,376.285
1986,3,305.316
1986,2,285.113
1986,1,317.88
1985,12,364.93
1985,11,403.539
1985,10,362.454
1985,9,362.598
1985,8,416.556
1985,7,324.699
1985,6,337.928
1985,5,378.169
1985,4,326.78
1985,3,311.093
1985,2,304.13
1985,1,303.303
1984,12,359.021
1984,11,268.968
1984,10,293.857
1984,9,353.487
1984,8,357.832
1984,7,324.437
1984,6,364.921
1984,5,363.003
1984,4,324.792
1984,3,313.676
1984,2,217.414
1984,1,244.738
1983,12,287.847
1983,11,277.961
1983,10,323.607
1983,9,322.919
1983,8,346.76
1983,7,271.255
1983,6,331.364
1983,5,343.613
1983,4,310.203
1983,3,316.061
1983,2,262.163
1983,1,299.176
1982,12,320.089
1982,11,348.893
1982,10,436.056
1982,9,374.181
1982,8,356.374
1982,7,383.841
1982,6,414.798
1982,5,417.923
1982,4,425.018
1982,3,440.048
1982,2,373.937
1982,1,316.441
1981,12,429.619
1981,11,439.771
1981,10,465.502
1981,9,410.856
1981,8,419.54
1981,7,392.644
1981,6,245.397
1981,5,273.023
1981,4,324.137
1981,3,369.183
1981,2,276.662
1981,1,260.909
1980,12,336.75
1980,11,341.19
1980,10,369.312
1980,9,329.056
1980,8,311.891
1980,7,322.017
1980,6,358.751
1980,5,343.299
1980,4,285.794
1980,3,262.475
1980,2,208.653
1980,1,225.585
1979,12,257.89
1979,11,261.386
1979,10,282.48
1979,9,218.586
1979,8,259.451
1979,7,265.735
1979,6,250.673
1979,5,250.145
1979,4,233.873
1979,3,241.045
1979,2,159.28
1979,1,174.569
1978,12,208.871
1978,11,236.659
1978,10,222.759
1978,9,183.946
1978,8,176.105
1978,7,160.129
1978,6,219.68
1978,5,181.963
1978,4,132.187
1978,3,64.605
1978,2,56.798
1978,1,76.735
1977,12,160.79
1977,11,171.202
1977,10,186.155
1977,9,192.805
1977,8,165.718
1977,7,195.242
1977,6,208.999
1977,5,210.991
1977,4,195.647
1977,3,136.544
1977,2,127.518
1977,1,100.279
1976,12,179.839
1976,11,214.592
1976,10,200.412
1976,9,197.788
1976,8,164.321
1976,7,183.5
1976,6,222.274
1976,5,193.529
1976,4,203.014
1976,3,148.215
1976,2,130.286
1976,1,133.918
1975,12,179.878
1975,11,238.836
1975,10,168.08
1975,9,168.853
1975,8,203.021
1975,7,172.327
1975,6,215.488
1975,5,234.229
1975,4,208.831
1975,3,199.517
1975,2,171.418
1975,1,162.773
1974,12,122.687
1974,11,225.305
1974,10,246.304
1974,9,169.578
1974,8,190.58
1974,7,200.632
1974,6,225.425
1974,5,217.693
1974,4,186.646
1974,3,132.223
1974,2,164.831
1974,1,121.461
1973,12,183.859
1973,11,183.453
1973,10,207.655
1973,9,146.492
1973,8,191.049
1973,7,164.134
1973,6,178.871
1973,5,196.775
1973,4,194.185
1973,3,139.95
1973,2,120.883
1973,1,125.781
2022,12,9066.264
2022,11,8273.912
2022,10,7800.768
2022,9,7772.714
2022,8,8518.828
2022,7,8572.373
2022,6,8145.026
2022,5,7925.639
2022,4,7736.783
2022,3,8533.378
2022,2,8450.59
2022,1,9497.343
2021,12,8742.943
2021,11,8135.173
2021,10,7763.648
2021,9,7714.912
2021,8,8518.784
2021,7,8407.848
2021,6,8040.753
2021,5,7721.363
2021,4,7516.392
2021,3,8109.947
2021,2,8139.566
2021,1,8928.905
2020,12,8705.941
2020,11,7575.024
2020,10,7469.102
2020,9,7293.286
2020,8,8006.082
2020,7,8059.713
2020,6,7268.462
2020,5,6821.535
2020,4,6508.521
2020,3,7876.849
2020,2,8360.393
2020,1,8966.847
2019,12,8948.229
2019,11,8396.083
2019,10,7942.208
2019,9,7867.33
2019,8,8566.334
2019,7,8563.209
2019,6,7918.254
2019,5,7952.508
2019,4,7676.292
2019,3,8707.932
2019,2,8391.764
2019,1,9547.795
2018,12,9028.026
2018,11,8515.055
2018,10,8085.767
2018,9,7863.383
2018,8,8689.597
2018,7,8610.071
2018,6,8142.886
2018,5,7986.151
2018,4,7886.114
2018,3,8705.319
2018,2,8063.527
2018,1,9664.295
2017,12,9187.345
2017,11,8097.034
2017,10,7808.365
2017,9,7617.954
2017,8,8292.363
2017,7,8421.861
2017,6,7958.659
2017,5,7793.161
2017,4,7452.589
2017,3,8430.375
2017,2,7621.169
2017,1,8975.712
2016,12,9074.257
2016,11,7711.816
2016,10,7648.667
2016,9,7744.049
2016,8,8530.154
2016,7,8459.733
2016,6,7928.654
2016,5,7576.361
2016,4,7445.813
2016,3,7982.819
2016,2,8224.63
2016,1,9054.375
2015,12,8367.728
2015,11,7672.433
2015,10,7612.678
2015,9,7682.857
2015,8,8308.935
2015,7,8425.841
2015,6,7895.194
2015,5,7642.061
2015,4,7464.734
2015,3,8429.971
2015,2,8607.225
2015,1,9294.495
2014,12,8793.278
2014,11,8192.794
2014,10,7755.149
2014,9,7637.999
2014,8,8198.857
2014,7,8223.28
2014,6,7772.385
2014,5,7643.874
2014,4,7551.893
2014,3,8517.475
2014,2,8423.46
2014,1,9586.483
2013,12,9062.839
2013,11,8119.866
2013,10,7706.94
2013,9,7629.752
2013,8,8161.596
2013,7,8262.797
2013,6,7715.26
2013,5,7604.697
2013,4,7513.723
2013,3,8373.339
2013,2,8007.458
2013,1,8972.18
2012,12,8384.22
2012,11,7757.487
2012,10,7563.881
2012,9,7358.432
2012,8,8219.988
2012,7,8285.023
2012,6,7723.45
2012,5,7599.486
2012,4,7204.799
2012,3,7662.981
2012,2,7954.118
2012,1,8665.994
2011,12,8568.405
2011,11,7775.258
2011,10,7565.361
2011,9,7551.652
2011,8,8394.546
2011,7,8370.638
2011,6,7879.549
2011,5,7568.806
2011,4,7485.909
2011,3,8324.754
2011,2,8096.615
2011,1,9286.555
2010,12,9220.375
2010,11,7785.97
2010,10,7489.57
2010,9,7682.088
2010,8,8430.51
2010,7,8366.06
2010,6,7997.903
2010,5,7665.728
2010,4,7361.5
2010,3,8189.356
2010,2,8200.719
2010,1,9121.933
2009,12,8830.931
2009,11,7437.884
2009,10,7463.259
2009,9,7263.586
2009,8,7955.069
2009,7,7807.503
2009,6,7530.481
2009,5,7280.13
2009,4,7334.307
2009,3,8045.425
2009,2,7866.518
2009,1,9126.286
2008,12,8793.516
2008,11,7805.05
2008,10,7779.769
2008,9,7348.739
2008,8,8211.733
2008,7,8411.818
2008,6,8036.547
2008,5,7889.757
2008,4,7832.002
2008,3,8584.242
2008,2,8649.687
2008,1,9410.223
2007,12,9081.762
2007,11,8074.134
2007,10,7964.483
2007,9,7933.632
2007,8,8812.4
2007,7,8483.21
2007,6,8090.308
2007,5,8013.514
2007,4,7915.909
2007,3,8555.085
2007,2,8750.787
2007,1,9217.747
2006,12,8793.257
2006,11,8028.285
2006,10,8019.633
2006,9,7785.711
2006,8,8731.219
2006,7,8632.076
2006,6,8146.008
2006,5,7956.158
2006,4,7709.121
2006,3,8584.244
2006,2,8190.394
2006,1,8815.156
2005,12,9198.364
2005,11,7939.52
2005,10,7782.683
2005,9,7789.245
2005,8,8687.78
2005,7,8580.711
2005,6,8172.038
2005,5,7938.992
2005,4,7714.702
2005,3,8726.251
2005,2,8283.69
2005,1,9287.408
2004,12,9156.165
2004,11,8050.394
2004,10,7947.516
2004,9,7830.364
2004,8,8354.259
2004,7,8406.31
2004,6,7982.258
2004,5,7966.288
2004,4,7793.65
2004,3,8430.947
2004,2,8733.796
2004,1,9350.291
2003,12,8926.267
2003,11,7835.596
2003,10,7781.205
2003,9,7605.765
2003,8,8391.306
2003,7,8272.414
2003,6,7642.504
2003,5,7663.895
2003,4,7668.229
2003,3,8382.89
2003,2,8431.29
2003,1,9233.312
2002,12,8832.151
2002,11,8013.08
2002,10,7801.55
2002,9,7660.305
2002,8,8344.95
2002,7,8425.767
2002,6,7890.038
2002,5,7800.416
2002,4,7758.495
2002,3,8359.26
2002,2,7856.609
2002,1,8792.683
2001,12,8259.881
2001,11,7543.832
2001,10,7717.423
2001,9,7400.545
2001,8,8303.245
2001,7,8144.365
2001,6,7652.56
2001,5,7629.031
2001,4,7638.077
2001,3,8473.223
2001,2,8072.475
2001,1,9229.002
2000,12,9198.44
2000,11,7939.981
2000,10,7760.527
2000,9,7692.319
2000,8,8542.549
2000,7,8230.393
2000,6,8002.816
2000,5,8025.763
2000,4,7669.696
2000,3,8293.292
2000,2,8402.198
2000,1,8945.497
1999,12,8670.977
1999,11,7633.339
1999,10,7713.475
1999,9,7611.081
1999,8,8376.896
1999,7,8368.263
1999,6,7804.101
1999,5,7622.277
1999,4,7655.634
1999,3,8369.499
1999,2,7808.51
1999,1,8911.852
1998,12,8468.989
1998,11,7505.875
1998,10,7608.851
1998,9,7615.07
1998,8,8225.676
1998,7,8276.433
1998,6,7714.748
1998,5,7574.494
1998,4,7510.096
1998,3,8168.632
1998,2,7644.974
1998,1,8607.432
1997,12,8606.322
1997,11,7749.808
1997,10,7677.179
1997,9,7412.823
1997,8,7909.847
1997,7,8090.945
1997,6,7465.953
1997,5,7476.438
1997,4,7523.066
1997,3,7985.14
1997,2,7787.027
1997,1,8823.698
1996,12,8404.839
1996,11,7795.7
1996,10,7617.365
1996,9,7147.226
1996,8,7869.461
1996,7,7757.82
1996,6,7446.033
1996,5,7463.082
1996,4,7361.871
1996,3,8191.761
1996,2,8104.034
1996,1,8776.628
1995,12,8410.367
1995,11,7572.342
1995,10,7224.254
1995,9,7135.6
1995,8,7917.373
1995,7,7626.026
1995,6,7231.931
1995,5,7150.661
1995,4,7105.602
1995,3,7741.174
1995,2,7595.767
1995,1,8220.876
1994,12,8004.0
1994,11,7148.132
1994,10,7070.611
1994,9,6881.232
1994,8,7472.467
1994,7,7390.638
1994,6,7161.979
1994,5,6886.151
1994,4,6979.174
1994,3,7663.456
1994,2,7742.173
1994,1,8584.499
1993,12,8017.693
1993,11,7280.565
1993,10,6983.06
1993,9,6815.06
1993,8,7333.215
1993,7,7307.744
1993,6,6843.164
1993,5,6645.595
1993,4,6902.824
1993,3,7811.62
1993,2,7419.789
1993,1,7906.822
1992,12,8044.431
1992,11,7078.626
1992,10,6901.625
1992,9,6682.167
1992,8,7029.227
1992,7,7159.824
1992,6,6715.207
1992,5,6698.111
1992,4,6841.695
1992,3,7348.601
1992,2,7243.262
1992,1,7983.356
1991,12,7683.272
1991,11,7006.25
1991,10,6858.579
1991,9,6657.673
1991,8,7112.438
1991,7,7098.771
1991,6,6697.962
1991,5,6654.742
1991,4,6536.525
1991,3,7139.158
1991,2,6862.151
1991,1,8073.919
1990,12,7542.279
1990,11,6771.694
1990,10,6806.996
1990,9,6613.362
1990,8,7279.16
1990,7,7032.228
1990,6,6756.04
1990,5,6746.032
1990,4,6767.827
1990,3,7305.262
1990,2,7003.709
1990,1,7809.229
1989,12,8245.458
1989,11,6940.303
1989,10,6790.632
1989,9,6480.976
1989,8,7028.178
1989,7,6856.059
1989,6,6693.823
1989,5,6635.388
1989,4,6660.421
1989,3,7541.178
1989,2,7229.609
1989,1,7638.754
1988,12,7540.36
1988,11,6704.226
1988,10,6586.707
1988,9,6340.877
1988,8,6988.178
1988,7,6746.03
1988,6,6507.738
1988,5,6390.836
1988,4,6449.806
1988,3,7296.746
1988,2,7308.187
1988,1,7800.316
1987,12,7277.377
1987,11,6342.057
1987,10,6362.769
1987,9,6123.881
1987,8,6514.555
1987,7,6626.659
1987,6,6280.222
1987,5,6199.256
1987,4,6313.868
1987,3,6767.036
1987,2,6729.068
1987,1,7472.334
1986,12,7027.262
1986,11,6119.265
1986,10,6039.911
1986,9,5818.638
1986,8,6223.701
1986,7,6354.208
1986,6,6015.826
1986,5,6099.383
1986,4,6109.551
1986,3,6775.964
1986,2,6620.399
1986,1,7395.548
1985,12,7219.105
1985,11,6059.118
1985,10,6026.246
1985,9,5759.0
1985,8,6256.987
1985,7,6187.443
1985,6,5880.48
1985,5,6005.352
1985,4,6106.13
1985,3,6577.553
1985,2,6880.264
1985,1,7377.254
1984,12,6666.436
1984,11,6100.793
1984,10,5960.973
1984,9,5761.176
1984,8,6323.114
1984,7,6155.513
1984,6,6026.485
1984,5,6170.762
1984,4,6270.456
1984,3,6858.673
1984,2,6623.097
1984,1,7654.075
1983,12,6863.357
1983,11,5935.601
1983,10,5701.452
1983,9,5699.808
1983,8,6128.631
1983,7,5941.322
1983,6,5677.988
1983,5,5692.724
1983,4,5869.679
1983,3,6431.871
1983,2,6065.647
1983,1,6907.502
1982,12,6458.452
1982,11,5978.943
1982,10,5726.507
1982,9,5549.273
1982,8,5818.627
1982,7,5835.852
1982,6,5572.673
1982,5,5602.379
1982,4,6040.586
1982,3,6544.007
1982,2,6471.248
1982,1,7448.166
1981,12,7088.566
1981,11,6138.31
1981,10,6144.075
1981,9,5820.751
1981,8,6112.916
1981,7,6208.435
1981,6,5995.702
1981,5,5939.55
1981,4,5875.206
1981,3,6606.21
1981,2,6484.509
1981,1,7639.252
1980,12,7363.795
1980,11,6420.238
1980,10,6316.59
1980,9,5970.443
1980,8,6063.599
1980,7,6135.448
1980,6,5872.463
1980,5,6007.37
1980,4,6158.453
1980,3,7021.907
1980,2,7123.145
1980,1,7565.016
1979,12,7337.632
1979,11,6679.042
1979,10,6543.22
1979,9,6052.908
1979,8,6492.996
1979,7,6276.536
1979,6,6143.07
1979,5,6346.644
1979,4,6287.42
1979,3,7150.421
1979,2,7410.205
1979,1,8092.205
1978,12,7474.491
1978,11,6685.469
1978,10,6425.237
1978,9,6087.552
1978,8,6496.081
1978,7,6340.19
1978,6,6149.904
1978,5,6337.994
1978,4,6169.931
1978,3,6965.503
1978,2,7052.381
1978,1,7721.485
1977,12,7442.248
1977,11,6485.295
1977,10,6272.418
1977,9,6080.223
1977,8,6300.623
1977,7,6195.785
1977,6,6085.89
1977,5,5997.456
1977,4,5979.305
1977,3,6573.861
1977,2,6654.863
1977,1,7852.451
1976,12,7658.479
1976,11,6729.925
1976,10,6244.598
1976,9,5739.519
1976,8,5970.726
1976,7,6024.682
1976,6,5824.544
1976,5,5793.322
1976,4,5855.319
1976,3,6391.633
1976,2,6393.452
1976,1,7312.324
1975,12,6926.691
1975,11,5850.411
1975,10,5908.704
1975,9,5498.393
1975,8,5744.318
1975,7,5669.107
1975,6,5435.627
1975,5,5491.667
1975,4,5797.914
1975,3,6383.482
1975,2,6168.996
1975,1,7056.118
1974,12,6842.659
1974,11,6235.546
1974,10,6182.018
1974,9,5711.198
1974,8,6015.502
1974,7,5985.353
1974,6,5642.248
1974,5,5864.485
1974,4,5861.066
1974,3,6370.767
1974,2,6314.3
1974,1,6904.043
1973,12,6886.904
1973,11,6519.033
1973,10,6174.862
1973,9,5773.515
1973,8,6191.657
1973,7,5951.909
1973,6,5802.683
1973,5,6071.94
1973,4,5941.729
1973,3,6521.439
1973,2,6592.366
1973,1,7223.873
2022,12,8668.383
2022,11,8625.486
2022,10,8758.589
2022,9,8562.476
2022,8,8813.29
2022,7,8775.517
2022,6,8568.14
2022,5,8740.734
2022,4,8322.991
2022,3,8704.276
2022,2,7762.689
2022,1,8557.087
2021,12,8670.054
2021,11,8337.091
2021,10,8375.287
2021,9,8057.599
2021,8,8411.122
2021,7,8355.772
2021,6,8161.979
2021,5,8396.546
2021,4,8010.488
2021,3,8360.4
2021,2,6850.257
2021,1,8243.739
2020,12,8100.196
2020,11,7852.197
2020,10,7755.087
2020,9,7701.638
2020,8,7968.964
2020,7,8014.047
2020,6,7622.965
2020,5,7480.063
2020,4,7775.455
2020,3,8485.728
2020,2,8123.956
2020,1,8772.034
2019,12,8763.201
2019,11,8467.751
2019,10,8651.781
2019,9,8425.059
2019,8,8765.608
2019,7,8537.514
2019,6,8335.032
2019,5,8651.73
2019,4,8326.411
2019,3,8343.293
2019,2,7687.611
2019,1,8531.332
2018,12,8478.212
2018,11,8181.256
2018,10,8265.326
2018,9,7988.615
2018,8,8403.339
2018,7,8113.26
2018,6,7866.949
2018,5,7967.106
2018,4,7603.102
2018,3,7980.851
2018,2,7208.5
2018,1,7746.07
2017,12,7737.651
2017,11,7544.161
2017,10,7580.653
2017,9,7230.285
2017,8,7516.456
2017,7,7414.646
2017,6,7306.0
2017,5,7337.437
2017,4,7018.323
2017,3,7400.069
2017,2,6746.042
2017,1,7299.009
2016,12,7202.939
2016,11,7032.505
2016,10,7110.886
2016,9,6856.598
2016,8,7196.661
2016,7,7137.98
2016,6,6897.7
2016,5,6995.046
2016,4,6727.723
2016,3,7137.936
2016,2,6812.103
2016,1,7232.943
2015,12,7283.738
2015,11,7117.313
2015,10,7369.965
2015,9,7325.535
2015,8,7650.223
2015,7,7539.279
2015,6,7123.558
2015,5,7368.835
2015,4,7331.749
2015,3,7593.954
2015,2,6875.218
2015,1,7714.26
2014,12,7774.73
2014,11,7371.353
2014,10,7523.123
2014,9,7297.763
2014,8,7562.948
2014,7,7550.424
2014,6,7230.598
2014,5,7361.907
2014,4,7136.803
2014,3,7298.1
2014,2,6475.834
2014,1,7176.104
2013,12,6981.775
2013,11,6845.351
2013,10,6885.486
2013,9,6801.887
2013,8,7121.169
2013,7,7064.109
2013,6,6744.4
2013,5,6920.834
2013,4,6616.221
2013,3,6812.175
2013,2,6228.362
2013,1,6844.278
2012,12,6761.905
2012,11,6546.418
2012,10,6684.444
2012,9,6442.528
2012,8,6797.166
2012,7,6752.07
2012,6,6455.473
2012,5,6601.695
2012,4,6276.502
2012,3,6654.506
2012,2,6338.065
2012,1,6938.295
2011,12,6878.954
2011,11,6657.879
2011,10,6681.976
2011,9,6439.808
2011,8,6706.967
2011,7,6500.339
2011,6,6433.98
2011,5,6437.992
2011,4,6302.05
2011,3,6674.793
2011,2,5894.352
2011,1,6494.694
2010,12,6571.941
2010,11,6254.228
2010,10,6334.765
2010,9,6278.248
2010,8,6401.56
2010,7,6336.494
2010,6,6196.441
2010,5,6206.204
2010,4,6051.2
2010,3,6379.287
2010,2,5737.331
2010,1,6158.51
2009,12,6127.085
2009,11,5852.835
2009,10,5991.571
2009,9,5904.703
2009,8,6178.134
2009,7,6205.382
2009,6,6074.153
2009,5,6076.213
2009,4,5926.726
2009,3,6239.91
2009,2,5718.002
2009,1,6296.151
2008,12,6297.724
2008,11,5952.466
2008,10,6100.074
2008,9,5638.863
2008,8,6296.118
2008,7,6397.995
2008,6,6069.528
2008,5,6214.129
2008,4,5997.734
2008,3,6163.45
2008,2,5819.765
2008,1,6196.416
2007,12,6075.292
2007,11,5927.4
2007,10,5979.562
2007,9,5773.595
2007,8,6136.688
2007,7,6005.923
2007,6,5945.816
2007,5,6087.619
2007,4,5759.346
2007,3,6038.686
2007,2,5473.064
2007,1,6134.685
2006,12,6022.427
2006,11,5787.726
2006,10,5870.345
2006,9,5752.807
2006,8,6067.08
2006,7,5997.598
2006,6,5970.951
2006,5,6029.176
2006,4,5742.21
2006,3,5987.906
2006,2,5414.109
2006,1,6034.964
2005,12,5804.013
2005,11,5592.563
2005,10,5473.985
2005,9,5390.317
2005,8,5982.733
2005,7,5925.577
2005,6,5925.535
2005,5,5906.135
2005,4,5754.439
2005,3,6131.405
2005,2,5520.605
2005,1,5969.421
2004,12,6031.906
2004,11,5699.11
2004,10,5747.836
2004,9,5685.233
2004,8,5985.25
2004,7,5993.601
2004,6,5901.41
2004,5,5809.624
2004,4,5741.277
2004,3,5985.225
2004,2,5568.064
2004,1,6020.802
2003,12,5981.777
2003,11,5579.069
2003,10,5896.787
2003,9,5753.875
2003,8,5935.407
2003,7,5891.463
2003,6,5820.217
2003,5,5938.245
2003,4,5762.653
2003,3,5919.49
2003,2,5404.339
2003,1,6001.246
2002,12,5982.816
2002,11,5712.618
2002,10,5807.055
2002,9,5726.036
2002,8,6026.873
2002,7,5973.646
2002,6,5834.21
2002,5,6033.163
2002,4,5794.792
2002,3,5923.218
2002,2,5580.875
2002,1,6257.651
2001,12,5963.051
2001,11,5922.884
2001,10,6138.28
2001,9,5806.793
2001,8,6203.553
2001,7,5988.003
2001,6,5977.746
2001,5,6063.585
2001,4,5791.091
2001,3,6180.123
2001,2,5530.599
2001,1,6109.586
2000,12,5821.438
2000,11,5828.947
2000,10,5948.318
2000,9,5771.765
2000,8,6185.366
2000,7,5951.47
2000,6,5961.74
2000,5,6023.271
2000,4,5727.983
2000,3,6284.132
2000,2,5742.821
2000,1,6023.275
1999,12,6127.555
1999,11,5934.439
1999,10,5874.522
1999,9,5883.394
1999,8,6115.243
1999,7,6055.358
1999,6,5939.674
1999,5,5890.502
1999,4,5773.109
1999,3,6198.125
1999,2,5743.73
1999,1,6149.931
1998,12,6147.631
1998,11,5855.798
1998,10,6122.033
1998,9,5865.65
1998,8,6128.645
1998,7,6126.844
1998,6,6028.084
1998,5,6152.07
1998,4,6005.141
1998,3,6281.759
1998,2,5711.258
1998,1,6401.503
1997,12,6162.249
1997,11,5763.211
1997,10,6120.932
1997,9,5971.856
1997,8,6107.493
1997,7,6114.257
1997,6,5907.539
1997,5,6192.849
1997,4,5885.508
1997,3,6192.933
1997,2,5746.241
1997,1,6254.976
1996,12,6084.943
1996,11,5911.367
1996,10,6132.082
1996,9,5882.131
1996,8,6270.734
1996,7,6143.928
1996,6,5947.811
1996,5,6090.304
1996,4,5926.717
1996,3,6189.331
1996,2,5796.69
1996,1,6059.141
1995,12,6008.133
1995,11,5934.589
1995,10,6001.297
1995,9,5851.336
1995,8,6083.948
1995,7,5936.468
1995,6,5861.459
1995,5,5913.109
1995,4,5701.05
1995,3,6116.988
1995,2,5584.868
1995,1,6135.864
1994,12,6175.195
1994,11,5928.766
1994,10,5846.357
1994,9,5815.577
1994,8,6145.606
1994,7,5818.978
1994,6,5806.104
1994,5,5811.297
1994,4,5775.212
1994,3,6182.228
1994,2,5511.962
1994,1,5865.754
1993,12,5887.936
1993,11,5669.721
1993,10,5703.149
1993,9,5573.834
1993,8,5685.502
1993,7,5529.209
1993,6,5662.567
1993,5,5618.395
1993,4,5590.422
1993,3,5925.29
1993,2,5433.769
1993,1,5992.857
1992,12,6066.714
1992,11,5754.734
1992,10,5920.795
1992,9,5700.778
1992,8,5873.67
1992,7,5846.056
1992,6,5700.248
1992,5,5692.585
1992,4,5630.726
1992,3,5866.835
1992,2,5655.062
1992,1,6206.216
1991,12,5976.895
1991,11,5777.706
1991,10,6026.45
1991,9,5720.241
1991,8,6016.604
1991,7,5827.917
1991,6,5642.066
1991,5,5793.78
1991,4,5658.384
1991,3,6022.461
1991,2,5647.312
1991,1,6211.227
1990,12,5842.45
1990,11,5863.704
1990,10,6069.744
1990,9,5647.338
1990,8,6084.557
1990,7,5764.701
1990,6,5708.996
1990,5,5870.706
1990,4,5703.128
1990,3,6143.918
1990,2,5694.479
1990,1,6273.822
1989,12,5733.97
1989,11,5871.472
1989,10,5893.537
1989,9,5680.56
1989,8,6070.142
1989,7,5512.602
1989,6,5650.622
1989,5,5863.266
1989,4,5590.866
1989,3,6006.263
1989,2,5412.509
1989,1,5998.694
1988,12,5880.234
1988,11,5753.552
1988,10,5739.237
1988,9,5637.78
1988,8,5951.295
1988,7,5521.14
1988,6,5581.993
1988,5,5661.535
1988,4,5575.924
1988,3,6021.131
1988,2,5646.934
1988,1,5918.824
1987,12,5928.36
1987,11,5660.598
1987,10,5820.707
1987,9,5572.598
1987,8,5679.521
1987,7,5429.708
1987,6,5484.367
1987,5,5487.331
1987,4,5445.351
1987,3,5764.016
1987,2,5363.363
1987,1,5870.465
1986,12,5761.479
1986,11,5453.74
1986,10,5633.734
1986,9,5370.61
1986,8,5547.289
1986,7,5429.051
1986,6,5396.746
1986,5,5588.407
1986,4,5526.781
1986,3,5850.002
1986,2,5460.015
1986,1,6012.402
1985,12,5836.425
1985,11,5451.384
1985,10,5736.249
1985,9,5494.752
1985,8,5702.836
1985,7,5519.414
1985,6,5504.928
1985,5,5754.526
1985,4,5599.237
1985,3,5840.459
1985,2,5412.689
1985,1,5808.399
1984,12,5656.405
1984,11,5389.197
1984,10,5548.527
1984,9,5676.77
1984,8,6086.219
1984,7,5778.721
1984,6,5668.685
1984,5,5940.699
1984,4,5642.434
1984,3,5935.904
1984,2,5613.797
1984,1,5862.227
1983,12,5432.865
1983,11,5354.621
1983,10,5454.585
1983,9,5295.724
1983,8,5524.655
1983,7,5155.909
1983,6,5203.508
1983,5,5313.155
1983,4,5239.94
1983,3,5498.964
1983,2,5054.39
1983,1,5538.015
1982,12,5428.255
1982,11,5308.096
1982,10,5461.999
1982,9,5328.563
1982,8,5589.074
1982,7,5391.41
1982,6,5545.07
1982,5,5622.018
1982,4,5628.96
1982,3,6064.058
1982,2,5441.978
1982,1,5717.164
1981,12,5896.682
1981,11,5623.842
1981,10,5897.764
1981,9,5740.055
1981,8,5928.355
1981,7,5752.973
1981,6,5402.967
1981,5,4943.181
1981,4,4800.945
1981,3,5888.42
1981,2,5376.11
1981,1,5657.948
1980,12,5814.526
1980,11,5467.152
1980,10,5632.099
1980,9,5434.372
1980,8,5477.215
1980,7,5388.052
1980,6,5530.702
1980,5,5728.859
1980,4,5591.598
1980,3,5835.658
1980,2,5439.163
1980,1,5808.102
1979,12,5544.708
1979,11,5571.737
1979,10,5804.281
1979,9,5333.679
1979,8,5662.156
1979,7,5175.111
1979,6,5464.221
1979,5,5629.804
1979,4,5416.962
1979,3,5675.084
1979,2,5080.815
1979,1,5492.573
1978,12,5456.588
1978,11,5507.736
1978,10,5590.153
1978,9,5199.372
1978,8,5530.277
1978,7,5337.581
1978,6,5471.656
1978,5,5658.523
1978,4,5332.575
1978,3,5031.442
1978,2,4306.8
1978,1,4637.601
1977,12,4777.722
1977,11,5401.081
1977,10,5416.721
1977,9,5342.555
1977,8,5188.426
1977,7,4989.057
1977,6,5213.369
1977,5,5301.077
1977,4,5162.437
1977,3,5479.659
1977,2,4767.677
1977,1,4933.563
1976,12,5292.846
1976,11,5076.94
1976,10,5161.777
1976,9,5078.88
1976,8,5088.436
1976,7,4930.762
1976,6,5161.09
1976,5,5169.888
1976,4,5061.299
1976,3,5335.003
1976,2,4971.436
1976,1,5194.14
1975,12,5230.896
1975,11,5001.053
1975,10,5230.146
1975,9,4987.107
1975,8,5061.959
1975,7,4964.138
1975,6,5105.715
1975,5,5217.412
1975,4,5086.106
1975,3,5230.962
1975,2,4890.059
1975,1,5277.898
1974,12,4960.546
1974,11,4655.69
1974,10,5365.003
1974,9,5090.946
1974,8,5259.889
1974,7,5239.915
1974,6,5045.352
1974,5,5467.495
1974,4,5277.046
1974,3,5402.702
1974,2,5060.362
1974,1,5483.364
1973,12,5374.447
1973,11,5237.093
1973,10,5403.745
1973,9,5124.234
1973,8,5480.638
1973,7,5191.492
1973,6,5167.296
1973,5,5411.246
1973,4,5160.812
1973,3,5419.556
1973,2,5155.115
1973,1,5404.715
2022,12,1796.742
2022,11,1762.663
2022,10,1768.385
2022,9,1702.809
2022,8,1822.905
2022,7,1908.771
2022,6,1802.648
2022,5,1792.901
2022,4,1745.586
2022,3,1849.288
2022,2,1685.049
2022,1,1836.86
2021,12,1859.1
2021,11,1774.257
2021,10,1751.844
2021,9,1829.001
2021,8,1845.777
2021,7,1877.723
2021,6,1890.417
2021,5,1799.127
2021,4,1702.768
2021,3,1788.106
2021,2,1565.742
2021,1,1771.525
2020,12,1719.896
2020,11,1596.209
2020,10,1578.486
2020,9,1544.957
2020,8,1612.727
2020,7,1691.69
2020,6,1704.521
2020,5,1651.252
2020,4,1507.487
2020,3,1782.154
2020,2,1727.19
2020,1,1871.493
2019,12,1968.761
2019,11,1688.425
2019,10,1816.105
2019,9,1789.243
2019,8,1975.28
2019,7,2020.569
2019,6,1889.378
2019,5,2045.868
2019,4,1924.807
2019,3,1924.651
2019,2,1700.241
2019,1,2121.899
2018,12,1957.559
2018,11,1895.825
2018,10,1981.975
2018,9,1998.803
2018,8,2191.516
2018,7,2161.45
2018,6,2176.34
2018,5,2142.157
2018,4,2125.12
2018,3,2114.327
2018,2,1860.679
2018,1,2227.522
2017,12,2132.348
2017,11,2023.431
2017,10,2064.724
2017,9,1993.26
2017,8,2153.423
2017,7,2129.007
2017,6,2117.259
2017,5,2263.762
2017,4,2111.712
2017,3,2194.988
2017,2,1959.252
2017,1,2314.684
2016,12,2123.956
2016,11,2105.279
2016,10,2058.266
2016,9,2097.864
2016,8,2211.385
2016,7,2253.79
2016,6,2070.735
2016,5,2165.413
2016,4,2026.277
2016,3,2135.119
2016,2,2026.808
2016,1,2103.195
2015,12,2075.998
2015,11,1898.708
2015,10,1901.351
2015,9,1925.426
2015,8,2081.931
2015,7,2031.954
2015,6,1962.594
2015,5,2000.193
2015,4,1921.578
2015,3,2078.916
2015,2,1839.729
2015,1,2075.296
2014,12,2015.545
2014,11,1878.978
2014,10,1899.391
2014,9,1888.962
2014,8,1972.179
2014,7,1995.006
2014,6,1829.108
2014,5,1979.257
2014,4,1949.044
2014,3,1976.814
2014,2,1798.325
2014,1,2058.377
2013,12,2064.516
2013,11,1923.917
2013,10,2016.373
2013,9,2064.74
2013,8,2157.734
2013,7,2168.373
2013,6,2040.001
2013,5,2137.389
2013,4,2055.32
2013,3,2026.198
2013,2,1804.2
2013,1,2163.805
2012,12,2093.128
2012,11,2118.819
2012,10,2175.903
2012,9,2198.315
2012,8,2359.815
2012,7,2352.838
2012,6,2370.455
2012,5,2391.594
2012,4,2210.592
2012,3,2295.457
2012,2,2141.501
2012,1,2359.728
2011,12,2360.429
2011,11,2266.041
2011,10,2345.885
2011,9,2286.937
2011,8,2396.65
2011,7,2495.438
2011,6,2408.985
2011,5,2490.008
2011,4,2403.862
2011,3,2530.831
2011,2,2117.784
2011,1,2645.132
2010,12,2446.525
2010,11,2288.173
2010,10,2389.302
2010,9,2430.501
2010,8,2626.105
2010,7,2704.398
2010,6,2555.147
2010,5,2577.522
2010,4,2578.934
2010,3,2518.272
2010,2,2236.021
2010,1,2514.866
2009,12,2351.669
2009,11,2315.794
2009,10,2325.738
2009,9,2453.528
2009,8,2445.573
2009,7,2550.358
2009,6,2456.688
2009,5,2435.55
2009,4,2485.878
2009,3,2664.286
2009,2,2377.441
2009,1,2827.832
2008,12,2756.459
2008,11,2690.385
2008,10,2826.743
2008,9,2446.439
2008,8,2838.863
2008,7,2816.67
2008,6,2766.681
2008,5,2742.533
2008,4,2775.943
2008,3,2759.004
2008,2,2602.595
2008,1,2948.052
2007,12,2842.446
2007,11,2763.991
2007,10,2806.804
2007,9,2877.046
2007,8,3033.339
2007,7,3029.216
2007,6,2870.868
2007,5,3054.552
2007,4,2912.455
2007,3,3044.348
2007,2,2461.838
2007,1,2981.632
2006,12,2794.248
2006,11,2711.032
2006,10,2861.076
2006,9,2986.634
2006,8,3149.64
2006,7,3015.386
2006,6,2933.685
2006,5,3034.537
2006,4,2784.947
2006,3,2796.824
2006,2,2630.297
2006,1,2950.482
2005,12,2966.014
2005,11,2905.754
2005,10,3005.8
2005,9,2743.65
2005,8,2945.546
2005,7,3008.039
2005,6,2911.081
2005,5,2957.281
2005,4,2777.684
2005,3,2896.878
2005,2,2696.854
2005,1,2844.689
2004,12,2879.319
2004,11,2807.686
2004,10,2868.717
2004,9,2661.257
2004,8,2939.559
2004,7,2935.243
2004,6,2827.37
2004,5,2871.301
2004,4,2685.335
2004,3,2838.301
2004,2,2557.755
2004,1,2620.406
2003,12,2616.765
2003,11,2448.815
2003,10,2659.108
2003,9,2656.169
2003,8,2721.133
2003,7,2741.513
2003,6,2653.11
2003,5,2739.834
2003,4,2605.578
2003,3,2575.172
2003,2,2170.238
2003,1,2419.513
2002,12,2443.411
2002,11,2542.731
2002,10,2559.275
2002,9,2343.444
2002,8,2581.758
2002,7,2521.561
2002,6,2435.687
2002,5,2503.646
2002,4,2427.617
2002,3,2421.077
2002,2,2143.063
2002,1,2407.273
2001,12,2376.635
2001,11,2400.776
2001,10,2453.097
2001,9,2452.07
2001,8,2533.412
2001,7,2580.344
2001,6,2431.719
2001,5,2653.393
2001,4,2596.39
2001,3,2614.857
2001,2,2275.473
2001,1,2684.007
2000,12,2592.629
2000,11,2352.358
2000,10,2425.012
2000,9,2440.13
2000,8,2592.801
2000,7,2481.72
2000,6,2455.863
2000,5,2401.082
2000,4,2364.967
2000,3,2358.662
2000,2,2197.317
2000,1,2202.712
1999,12,2185.265
1999,11,2117.997
1999,10,2261.398
1999,9,2207.964
1999,8,2368.84
1999,7,2444.238
1999,6,2270.249
1999,5,2397.598
1999,4,2344.189
1999,3,2269.658
1999,2,2053.818
1999,1,2230.368
1998,12,2174.578
1998,11,2198.832
1998,10,2273.754
1998,9,2139.946
1998,8,2329.718
1998,7,2425.219
1998,6,2206.581
1998,5,2294.969
1998,4,2239.636
1998,3,2114.947
1998,2,1911.604
1998,1,2162.736
1997,12,2005.764
1997,11,2058.563
1997,10,2248.317
1997,9,2133.596
1997,8,2187.522
1997,7,2096.201
1997,6,2152.504
1997,5,2231.243
1997,4,2043.597
1997,3,2067.558
1997,2,1825.327
1997,1,2069.048
1996,12,2004.101
1996,11,1909.379
1996,10,2063.822
1996,9,1880.212
1996,8,2087.835
1996,7,2059.825
1996,6,2003.971
1996,5,2104.389
1996,4,1915.001
1996,3,1925.054
1996,2,1691.399
1996,1,1988.266
1995,12,1862.149
1995,11,1862.515
1995,10,1838.622
1995,9,1987.278
1995,8,1917.884
1995,7,1868.917
1995,6,1931.513
1995,5,1847.711
1995,4,1760.335
1995,3,1931.916
1995,2,1633.285
1995,1,1737.49
1994,12,1898.721
1994,11,1794.387
1994,10,1862.735
1994,9,1957.682
1994,8,1987.285
1994,7,2041.825
1994,6,1869.233
1994,5,1911.308
1994,4,1818.279
1994,3,1813.833
1994,2,1629.586
1994,1,1721.799
1993,12,1841.424
1993,11,1819.945
1993,10,1913.722
1993,9,1731.56
1993,8,1775.181
1993,7,1904.233
1993,6,1764.122
1993,5,1769.177
1993,4,1757.399
1993,3,1739.272
1993,2,1522.006
1993,1,1680.292
1992,12,1662.053
1992,11,1622.571
1992,10,1755.176
1992,9,1631.103
1992,8,1700.604
1992,7,1740.163
1992,6,1588.682
1992,5,1620.481
1992,4,1621.017
1992,3,1483.558
1992,2,1356.391
1992,1,1590.406
1991,12,1532.556
1991,11,1527.844
1991,10,1533.753
1991,9,1536.5
1991,8,1725.884
1991,7,1570.141
1991,6,1600.869
1991,5,1707.6
1991,4,1464.692
1991,3,1377.14
1991,2,1286.755
1991,1,1471.087
1990,12,1336.487
1990,11,1382.103
1990,10,1380.127
1990,9,1429.787
1990,8,1698.821
1990,7,1780.529
1990,6,1669.248
1990,5,1735.659
1990,4,1512.24
1990,3,1575.624
1990,2,1502.284
1990,1,1814.349
1989,12,1530.92
1989,11,1595.702
1989,10,1637.013
1989,9,1536.456
1989,8,1678.367
1989,7,1643.288
1989,6,1520.105
1989,5,1539.957
1989,4,1543.229
1989,3,1479.82
1989,2,1434.034
1989,1,1627.406
1988,12,1537.717
1988,11,1481.504
1988,10,1540.071
1988,9,1420.76
1988,8,1451.522
1988,7,1442.954
1988,6,1382.768
1988,5,1461.137
1988,4,1381.018
1988,3,1387.994
1988,2,1357.434
1988,1,1451.051
1987,12,1366.267
1987,11,1360.877
1987,10,1386.298
1987,9,1345.792
1987,8,1443.13
1987,7,1455.012
1987,6,1259.103
1987,5,1173.728
1987,4,1122.68
1987,3,1147.062
1987,2,1075.84
1987,1,1262.434
1986,12,1313.714
1986,11,1239.755
1986,10,1243.122
1986,9,1309.332
1986,8,1360.371
1986,7,1314.651
1986,6,1255.401
1986,5,1219.801
1986,4,1007.339
1986,3,918.255
1986,2,850.971
1986,1,1118.689
1985,12,1163.543
1985,11,1145.918
1985,10,1003.525
1985,9,937.626
1985,8,924.128
1985,7,962.098
1985,6,932.317
1985,5,1120.084
1985,4,1009.283
1985,3,938.271
1985,2,738.96
1985,1,904.82
1984,12,990.343
1984,11,1062.052
1984,10,1113.921
1984,9,979.169
1984,8,973.125
1984,7,1039.496
1984,6,1017.653
1984,5,1146.603
1984,4,1013.233
1984,3,1026.372
1984,2,1030.642
1984,1,1078.119
1983,12,1023.809
1983,11,996.576
1983,10,1024.738
1983,9,1146.221
1983,8,1174.792
1983,7,1101.022
1983,6,996.939
1983,5,985.75
1983,4,908.755
1983,3,761.37
1983,2,710.558
1983,1,921.274
1982,12,947.767
1982,11,1100.767
1982,10,1041.527
1982,9,1017.597
1982,8,1016.79
1982,7,1133.264
1982,6,992.314
1982,5,940.268
1982,4,838.66
1982,3,892.758
1982,2,872.937
1982,1,1066.43
1981,12,1153.155
1981,11,1090.669
1981,10,1160.414
1981,9,1183.724
1981,8,1113.573
1981,7,1121.443
1981,6,1022.351
1981,5,1112.558
1981,4,1066.492
1981,3,1173.761
1981,2,1193.052
1981,1,1327.837
1980,12,1347.8
1980,11,1212.647
1980,10,1233.094
1980,9,1154.368
1980,8,1188.35
1980,7,1195.105
1980,6,1273.09
1980,5,1266.758
1980,4,1325.02
1980,3,1461.064
1980,2,1458.972
1980,1,1679.961
1979,12,1681.775
1979,11,1551.628
1979,10,1694.041
1979,9,1522.75
1979,8,1674.783
1979,7,1669.406
1979,6,1581.381
1979,5,1587.866
1979,4,1503.24
1979,3,1708.567
1979,2,1515.101
1979,1,1769.279
1978,12,1804.366
1978,11,1666.014
1978,10,1616.595
1978,9,1682.186
1978,8,1601.528
1978,7,1600.652
1978,6,1512.571
1978,5,1479.371
1978,4,1466.543
1978,3,1646.151
1978,2,1420.92
1978,1,1609.273
1977,12,1652.535
1977,11,1525.978
1977,10,1619.758
1977,9,1593.901
1977,8,1642.039
1977,7,1732.038
1977,6,1653.446
1977,5,1647.862
1977,4,1623.215
1977,3,1809.005
1977,2,1738.127
1977,1,1710.226
1976,12,1628.283
1976,11,1508.602
1976,10,1467.472
1976,9,1476.783
1976,8,1429.463
1976,7,1511.982
1976,6,1399.163
1976,5,1236.985
1976,4,1253.496
1976,3,1305.794
1976,2,1229.336
1976,1,1312.7
1975,12,1262.216
1975,11,1215.872
1975,10,1235.454
1975,9,1275.391
1975,8,1226.702
1975,7,1168.491
1975,6,1033.375
1975,5,1040.395
1975,4,978.05
1975,3,1140.333
1975,2,1108.542
1975,1,1347.568
1974,12,1319.25
1974,11,1305.091
1974,10,1232.624
1974,9,1154.422
1974,8,1260.397
1974,7,1280.33
1974,6,1211.565
1974,5,1280.713
1974,4,1156.477
1974,3,1064.548
1974,2,955.624
1974,1,1083.235
1973,12,1207.179
1973,11,1321.809
1973,10,1315.774
1973,9,1226.145
1973,8,1297.848
1973,7,1216.246
1973,6,1129.614
1973,5,1162.804
1973,4,1085.169
1973,3,1309.473
1973,2,1168.005
1973,1,1173.08
2022,12,1863.061
2022,11,1959.539
2022,10,1963.453
2022,9,1902.074
2022,8,1966.074
2022,7,1969.578
2022,6,1895.366
2022,5,1875.517
2022,4,1882.88
2022,3,1995.149
2022,2,1848.609
2022,1,2061.088
2021,12,2010.912
2021,11,1931.111
2021,10,1948.29
2021,9,1868.884
2021,8,1952.382
2021,7,1902.92
2021,6,1879.563
2021,5,1921.45
2021,4,1889.505
2021,3,1893.811
2021,2,1608.734
2021,1,2021.563
2020,12,2006.327
2020,11,1904.864
2020,10,1886.104
2020,9,1785.222
2020,8,1845.961
2020,7,1800.216
2020,6,1686.459
2020,5,1684.977
2020,4,1616.772
2020,3,1941.479
2020,2,1888.423
2020,1,2013.471
2019,12,1995.548
2019,11,1951.818
2019,10,1957.666
2019,9,1870.567
2019,8,1947.002
2019,7,1908.089
2019,6,1831.904
2019,5,1902.197
2019,4,1842.853
2019,3,1925.716
2019,2,1777.259
2019,1,2058.678
2018,12,1933.85
2018,11,1925.845
2018,10,1982.122
2018,9,1858.313
2018,8,1989.624
2018,7,1910.517
2018,6,1849.47
2018,5,1883.026
2018,4,1813.525
2018,3,1968.497
2018,2,1770.224
2018,1,2000.638
2017,12,1943.649
2017,11,1901.825
2017,10,1847.136
2017,9,1769.918
2017,8,1840.201
2017,7,1848.445
2017,6,1796.768
2017,5,1815.919
2017,4,1769.346
2017,3,1878.166
2017,2,1673.336
2017,1,1888.023
2016,12,1897.868
2016,11,1791.722
2016,10,1814.92
2016,9,1755.482
2016,8,1856.752
2016,7,1766.368
2016,6,1722.091
2016,5,1732.503
2016,4,1711.367
2016,3,1831.988
2016,2,1806.966
2016,1,1880.771
2015,12,1811.415
2015,11,1708.568
2015,10,1744.251
2015,9,1731.991
2015,8,1830.166
2015,7,1845.074
2015,6,1780.541
2015,5,1786.35
2015,4,1740.959
2015,3,1815.232
2015,2,1726.398
2015,1,1907.187
2014,12,1875.125
2014,11,1812.016
2014,10,1847.383
2014,9,1785.985
2014,8,1799.752
2014,7,1792.567
2014,6,1702.594
2014,5,1733.538
2014,4,1747.605
2014,3,1759.326
2014,2,1692.857
2014,1,1914.782
2013,12,1907.511
2013,11,1859.702
2013,10,1851.276
2013,9,1788.268
2013,8,1769.047
2013,7,1790.095
2013,6,1705.618
2013,5,1756.665
2013,4,1686.157
2013,3,1747.832
2013,2,1666.843
2013,1,1854.168
2012,12,1796.561
2012,11,1758.939
2012,10,1792.129
2012,9,1666.493
2012,8,1760.034
2012,7,1707.972
2012,6,1684.745
2012,5,1716.508
2012,4,1647.117
2012,3,1722.417
2012,2,1711.967
2012,1,1818.136
2011,12,1734.987
2011,11,1755.026
2011,10,1736.84
2011,9,1687.542
2011,8,1765.624
2011,7,1669.204
2011,6,1655.798
2011,5,1666.636
2011,4,1640.972
2011,3,1790.261
2011,2,1598.101
2011,1,1806.204
2010,12,1796.81
2010,11,1680.485
2010,10,1676.477
2010,9,1721.179
2010,8,1762.475
2010,7,1675.938
2010,6,1664.697
2010,5,1655.633
2010,4,1651.758
2010,3,1760.352
2010,2,1594.311
2010,1,1688.448
2009,12,1652.07
2009,11,1585.523
2009,10,1602.099
2009,9,1558.98
2009,8,1576.4
2009,7,1527.427
2009,6,1501.432
2009,5,1481.298
2009,4,1466.354
2009,3,1567.425
2009,2,1500.825
2009,1,1649.671
2008,12,1592.955
2008,11,1642.959
2008,10,1771.724
2008,9,1510.443
2008,8,1681.788
2008,7,1715.335
2008,6,1677.259
2008,5,1735.115
2008,4,1708.416
2008,3,1779.426
2008,2,1745.841
2008,1,1892.935
2007,12,1811.854
2007,11,1749.659
2007,10,1787.207
2007,9,1740.552
2007,8,1788.023
2007,7,1747.62
2007,6,1723.817
2007,5,1791.424
2007,4,1743.647
2007,3,1802.231
2007,2,1740.457
2007,1,1857.011
2006,12,1807.799
2006,11,1811.044
2006,10,1852.398
2006,9,1807.224
2006,8,1864.6
2006,7,1751.141
2006,6,1783.729
2006,5,1774.393
2006,4,1695.805
2006,3,1817.88
2006,2,1661.855
2006,1,1826.923
2005,12,1807.009
2005,11,1739.712
2005,10,1701.971
2005,9,1649.269
2005,8,1833.78
2005,7,1759.418
2005,6,1802.767
2005,5,1800.91
2005,4,1736.509
2005,3,1894.264
2005,2,1738.345
2005,1,1878.452
2004,12,1907.998
2004,11,1853.686
2004,10,1893.099
2004,9,1829.416
2004,8,1903.185
2004,7,1874.4
2004,6,1828.363
2004,5,1851.942
2004,4,1827.795
2004,3,1876.705
2004,2,1826.486
2004,1,1866.154
2003,12,1876.136
2003,11,1764.103
2003,10,1832.115
2003,9,1773.996
2003,8,1823.792
2003,7,1823.157
2003,6,1693.372
2003,5,1732.631
2003,4,1757.139
2003,3,1787.964
2003,2,1755.492
2003,1,1848.591
2002,12,1780.412
2002,11,1815.846
2002,10,1831.343
2002,9,1780.67
2002,8,1859.163
2002,7,1869.061
2002,6,1780.44
2002,5,1824.232
2002,4,1795.553
2002,3,1824.034
2002,2,1683.764
2002,1,1882.377
2001,12,1773.065
2001,11,1800.569
2001,10,1907.246
2001,9,1764.813
2001,8,1857.93
2001,7,1789.05
2001,6,1722.903
2001,5,1793.725
2001,4,1811.593
2001,3,1875.23
2001,2,1731.933
2001,1,1897.597
2000,12,1923.962
2000,11,1841.632
2000,10,1937.362
2000,9,1906.964
2000,8,1999.086
2000,7,1876.96
2000,6,1888.669
2000,5,1933.022
2000,4,1793.915
2000,3,1903.487
2000,2,1858.435
2000,1,1885.429
1999,12,1994.988
1999,11,1915.417
1999,10,1983.787
1999,9,1986.129
1999,8,2003.693
1999,7,1894.558
1999,6,1853.539
1999,5,1829.814
1999,4,1844.734
1999,3,1880.381
1999,2,1749.238
1999,1,1942.506
1998,12,2021.286
1998,11,1885.006
1998,10,1997.596
1998,9,1911.196
1998,8,1991.591
1998,7,1954.758
1998,6,1823.27
1998,5,1877.458
1998,4,1887.578
1998,3,1940.609
1998,2,1808.332
1998,1,2015.142
1997,12,2046.212
1997,11,1950.835
1997,10,2074.753
1997,9,1928.831
1997,8,1980.192
1997,7,1971.965
1997,6,1893.651
1997,5,1945.439
1997,4,1955.321
1997,3,1962.835
1997,2,1849.609
1997,1,2061.398
1996,12,1982.486
1996,11,1979.161
1996,10,2103.686
1996,9,1885.459
1996,8,1985.688
1996,7,1919.357
1996,6,1907.302
1996,5,1881.716
1996,4,1848.399
1996,3,1989.79
1996,2,1854.931
1996,1,2005.168
1995,12,1964.62
1995,11,1906.54
1995,10,1942.992
1995,9,1912.497
1995,8,1945.222
1995,7,1882.118
1995,6,1830.369
1995,5,1853.301
1995,4,1838.316
1995,3,1878.412
1995,2,1799.349
1995,1,1904.337
1994,12,1939.395
1994,11,1847.624
1994,10,1934.645
1994,9,1857.274
1994,8,1872.662
1994,7,1831.689
1994,6,1782.703
1994,5,1756.214
1994,4,1797.151
1994,3,1866.332
1994,2,1842.848
1994,1,2005.811
1993,12,1893.324
1993,11,1895.002
1993,10,1937.204
1993,9,1819.193
1993,8,1808.924
1993,7,1766.858
1993,6,1712.025
1993,5,1666.893
1993,4,1733.709
1993,3,1895.672
1993,2,1744.934
1993,1,1810.704
1992,12,1891.602
1992,11,1842.776
1992,10,1883.492
1992,9,1771.29
1992,8,1822.01
1992,7,1817.65
1992,6,1759.536
1992,5,1740.992
1992,4,1741.703
1992,3,1813.59
1992,2,1721.537
1992,1,1892.96
1991,12,1831.699
1991,11,1783.044
1991,10,1860.35
1991,9,1813.477
1991,8,1773.88
1991,7,1720.776
1991,6,1634.462
1991,5,1628.132
1991,4,1615.469
1991,3,1661.798
1991,2,1577.644
1991,1,1866.522
1990,12,1762.005
1990,11,1730.21
1990,10,1830.2
1990,9,1754.287
1990,8,1844.52
1990,7,1747.049
1990,6,1683.102
1990,5,1752.465
1990,4,1760.483
1990,3,1785.959
1990,2,1643.056
1990,1,1826.556
1989,12,1815.412
1989,11,1756.258
1989,10,1800.145
1989,9,1695.855
1989,8,1758.091
1989,7,1680.96
1989,6,1698.653
1989,5,1690.456
1989,4,1683.237
1989,3,1815.395
1989,2,1664.865
1989,1,1776.531
1988,12,1820.932
1988,11,1740.549
1988,10,1800.359
1988,9,1703.077
1988,8,1770.992
1988,7,1666.999
1988,6,1663.817
1988,5,1684.525
1988,4,1627.252
1988,3,1841.649
1988,2,1731.537
1988,1,1759.979
1987,12,1776.356
1987,11,1614.928
1987,10,1687.405
1987,9,1615.314
1987,8,1626.652
1987,7,1654.975
1987,6,1606.032
1987,5,1587.153
1987,4,1628.227
1987,3,1619.769
1987,2,1645.225
1987,1,1844.596
1986,12,1618.274
1986,11,1489.316
1986,10,1541.605
1986,9,1479.292
1986,8,1529.352
1986,7,1492.621
1986,6,1531.846
1986,5,1613.26
1986,4,1591.414
1986,3,1717.055
1986,2,1628.191
1986,1,1797.331
1985,12,1717.45
1985,11,1550.619
1985,10,1627.749
1985,9,1528.625
1985,8,1610.371
1985,7,1589.939
1985,6,1543.721
1985,5,1609.645
1985,4,1600.734
1985,3,1627.911
1985,2,1619.146
1985,1,1756.587
1984,12,1638.547
1984,11,1595.335
1984,10,1658.822
1984,9,1578.053
1984,8,1658.95
1984,7,1633.011
1984,6,1609.118
1984,5,1700.732
1984,4,1704.828
1984,3,1763.451
1984,2,1691.959
1984,1,1879.638
1983,12,1593.219
1983,11,1579.903
1983,10,1549.425
1983,9,1530.454
1983,8,1547.965
1983,7,1510.724
1983,6,1483.512
1983,5,1525.442
1983,4,1506.174
1983,3,1565.461
1983,2,1481.891
1983,1,1617.485
1982,12,1579.651
1982,11,1651.59
1982,10,1674.457
1982,9,1534.266
1982,8,1569.883
1982,7,1517.651
1982,6,1486.091
1982,5,1470.765
1982,4,1517.049
1982,3,1634.263
1982,2,1498.048
1982,1,1865.006
1981,12,1941.158
1981,11,1784.713
1981,10,1890.957
1981,9,1768.178
1981,8,1764.165
1981,7,1734.769
1981,6,1668.499
1981,5,1753.945
1981,4,1631.372
1981,3,1809.264
1981,2,1576.276
1981,1,1945.131
1980,12,2095.912
1980,11,1975.232
1980,10,2038.169
1980,9,1842.974
1980,8,1703.872
1980,7,1694.535
1980,6,1709.852
1980,5,1792.601
1980,4,1726.173
1980,3,1945.219
1980,2,1876.835
1980,1,2146.786
1979,12,2210.134
1979,11,2153.847
1979,10,2193.009
1979,9,1970.157
1979,8,2040.217
1979,7,1948.712
1979,6,1919.676
1979,5,1972.612
1979,4,1786.702
1979,3,1921.047
1979,2,1833.442
1979,1,2195.377
1978,12,2141.142
1978,11,2081.597
1978,10,2095.778
1978,9,1899.825
1978,8,1944.951
1978,7,1928.49
1978,6,1813.446
1978,5,1887.109
1978,4,1788.792
1978,3,1757.718
1978,2,1751.218
1978,1,2108.872
1977,12,2127.713
1977,11,2072.347
1977,10,2107.344
1977,9,2016.477
1977,8,1974.493
1977,7,1874.018
1977,6,1907.841
1977,5,1872.16
1977,4,1736.779
1977,3,1847.703
1977,2,1585.719
1977,1,2000.874
1976,12,2191.377
1976,11,2086.874
1976,10,2160.842
1976,9,1872.183
1976,8,1881.599
1976,7,1869.786
1976,6,1758.399
1976,5,1786.425
1976,4,1668.046
1976,3,1725.483
1976,2,1674.43
1976,1,1952.491
1975,12,2037.122
1975,11,1912.422
1975,10,2015.62
1975,9,1818.89
1975,8,1775.06
1975,7,1723.033
1975,6,1612.573
1975,5,1547.577
1975,4,1466.501
1975,3,1767.041
1975,2,1644.884
1975,1,2079.626
1974,12,2016.982
1974,11,2125.764
1974,10,2221.308
1974,9,2074.652
1974,8,2051.401
1974,7,1982.717
1974,6,1867.318
1974,5,1913.278
1974,4,1786.181
1974,3,1919.32
1974,2,1868.858
1974,1,1933.969
1973,12,2224.341
1973,11,2267.315
1973,10,2245.484
1973,9,2054.255
1973,8,2135.416
1973,7,2016.833
1973,6,1958.75
1973,5,2076.468
1973,4,1914.017
1973,3,1926.411
1973,2,1841.299
1973,1,2027.033
2022,12,1062.512
2022,11,692.29
2022,10,392.468
2022,9,235.755
2022,8,216.284
2022,7,228.154
2022,6,248.2
2022,5,341.58
2022,4,552.53
2022,3,791.214
2022,2,1025.212
2022,1,1207.809
2021,12,868.614
2021,11,651.163
2021,10,325.04
2021,9,228.067
2021,8,207.041
2021,7,218.286
2021,6,242.51
2021,5,350.976
2021,4,493.393
2021,3,764.851
2021,2,1102.867
2021,1,1120.598
2020,12,1001.342
2020,11,591.153
2020,10,371.039
2020,9,233.624
2020,8,205.964
2020,7,217.915
2020,6,244.443
2020,5,375.939
2020,4,530.014
2020,3,697.697
2020,2,926.925
2020,1,1035.09
2019,12,988.942
2019,11,797.535
2019,10,376.57
2019,9,223.321
2019,8,230.818
2019,7,230.791
2019,6,248.776
2019,5,351.348
2019,4,485.576
2019,3,906.206
2019,2,1034.977
2019,1,1215.192
2018,12,1006.238
2018,11,800.206
2018,10,410.42
2018,9,221.399
2018,8,205.192
2018,7,215.113
2018,6,229.119
2018,5,293.2
2018,4,610.981
2018,3,856.11
2018,2,886.623
2018,1,1248.444
2017,12,1035.711
2017,11,628.225
2017,10,324.946
2017,9,215.284
2017,8,204.809
2017,7,202.973
2017,6,229.954
2017,5,313.786
2017,4,408.718
2017,3,749.887
2017,2,743.245
2017,1,1040.955
2016,12,1010.646
2016,11,526.48
2016,10,314.691
2016,9,211.284
2016,8,192.332
2016,7,205.109
2016,6,219.228
2016,5,312.791
2016,4,462.512
2016,3,609.862
2016,2,874.471
2016,1,1091.214
2015,12,798.932
2015,11,587.959
2015,10,359.484
2015,9,210.078
2015,8,207.34
2015,7,207.401
2015,6,219.504
2015,5,298.907
2015,4,452.69
2015,3,820.842
2015,2,1124.653
2015,1,1177.963
2014,12,923.048
2014,11,728.224
2014,10,356.317
2014,9,247.346
2014,8,216.568
2014,7,224.264
2014,6,240.154
2014,5,334.686
2014,4,492.683
2014,3,903.989
2014,2,1068.47
2014,1,1272.039
2013,12,1043.565
2013,11,674.106
2013,10,342.054
2013,9,228.184
2013,8,214.549
2013,7,211.726
2013,6,226.967
2013,5,312.58
2013,4,518.288
2013,3,861.392
2013,2,955.937
2013,1,1100.62
2012,12,833.586
2012,11,623.387
2012,10,351.676
2012,9,215.581
2012,8,209.704
2012,7,203.15
2012,6,220.468
2012,5,267.952
2012,4,395.883
2012,3,543.901
2012,2,830.092
2012,1,989.638
2011,12,897.632
2011,11,595.311
2011,10,363.633
2011,9,238.508
2011,8,224.41
2011,7,216.266
2011,6,236.829
2011,5,310.854
2011,4,468.213
2011,3,766.315
2011,2,964.492
2011,1,1191.842
2010,12,1084.526
2010,11,614.54
2010,10,336.526
2010,9,219.797
2010,8,211.883
2010,7,220.746
2010,6,251.123
2010,5,320.743
2010,4,442.45
2010,3,751.929
2010,2,1013.918
2010,1,1173.864
2009,12,990.179
2009,11,525.295
2009,10,391.531
2009,9,235.905
2009,8,221.244
2009,7,226.488
2009,6,245.754
2009,5,319.558
2009,4,540.24
2009,3,790.963
2009,2,958.004
2009,1,1193.633
2008,12,1016.781
2008,11,607.267
2008,10,358.251
2008,9,229.987
2008,8,219.439
2008,7,230.161
2008,6,258.106
2008,5,358.021
2008,4,543.573
2008,3,864.272
2008,2,1059.69
2008,1,1145.208
2007,12,964.938
2007,11,584.36
2007,10,306.016
2007,9,227.761
2007,8,220.828
2007,7,219.074
2007,6,239.167
2007,5,323.623
2007,4,549.349
2007,3,810.243
2007,2,1122.794
2007,1,1022.341
2006,12,812.888
2006,11,563.137
2006,10,373.739
2006,9,236.522
2006,8,215.4
2006,7,221.709
2006,6,248.303
2006,5,328.762
2006,4,497.257
2006,3,823.399
2006,2,913.847
2006,1,920.66
2005,12,1011.261
2005,11,560.281
2005,10,354.234
2005,9,243.425
2005,8,245.025
2005,7,250.214
2005,6,283.471
2005,5,392.372
2005,4,541.645
2005,3,893.424
2005,2,977.203
2005,1,1150.246
2004,12,989.63
2004,11,589.702
2004,10,370.651
2004,9,250.253
2004,8,249.395
2004,7,249.186
2004,6,271.16
2004,5,347.168
2004,4,544.871
2004,3,790.755
2004,2,1094.984
2004,1,1239.829
2003,12,978.095
2003,11,588.263
2003,10,392.238
2003,9,266.274
2003,8,239.31
2003,7,252.31
2003,6,283.004
2003,5,392.5
2003,4,583.48
2003,3,892.674
2003,2,1129.4
2003,1,1236.885
2002,12,1019.292
2002,11,672.81
2002,10,411.373
2002,9,245.094
2002,8,234.988
2002,7,242.485
2002,6,276.366
2002,5,393.374
2002,4,564.22
2002,3,866.604
2002,2,922.876
2002,1,1058.755
2001,12,834.956
2001,11,535.359
2001,10,390.69
2001,9,249.278
2001,8,243.045
2001,7,250.353
2001,6,269.265
2001,5,342.474
2001,4,568.741
2001,3,910.141
2001,2,1011.599
2001,1,1259.614
2000,12,1199.769
2000,11,685.909
2000,10,398.545
2000,9,277.46
2000,8,259.868
2000,7,248.353
2000,6,275.679
2000,5,368.115
2000,4,565.103
2000,3,749.527
2000,2,1001.826
2000,1,1126.861
1999,12,893.315
1999,11,549.732
1999,10,389.088
1999,9,257.206
1999,8,238.435
1999,7,244.032
1999,6,279.49
1999,5,369.834
1999,4,579.64
1999,3,889.222
1999,2,913.019
1999,1,1170.283
1998,12,822.855
1998,11,560.881
1998,10,348.011
1998,9,233.304
1998,8,236.964
1998,7,248.546
1998,6,276.806
1998,5,362.952
1998,4,559.432
1998,3,844.357
1998,2,884.292
1998,1,1033.182
1997,12,954.113
1997,11,676.345
1997,10,384.314
1997,9,258.731
1997,8,245.299
1997,7,252.881
1997,6,291.128
1997,5,424.499
1997,4,603.585
1997,3,802.626
1997,2,968.586
1997,1,1169.188
1996,12,982.86
1996,11,721.355
1996,10,410.345
1996,9,275.301
1996,8,247.704
1996,7,250.511
1996,6,294.46
1996,5,418.598
1996,4,649.341
1996,3,932.849
1996,2,1077.624
1996,1,1204.23
1995,12,1004.271
1995,11,683.068
1995,10,366.668
1995,9,265.657
1995,8,242.506
1995,7,255.484
1995,6,291.235
1995,5,407.996
1995,4,591.206
1995,3,799.454
1995,2,978.568
1995,1,1048.848
1994,12,863.656
1994,11,572.484
1994,10,380.844
1994,9,269.662
1994,8,261.634
1994,7,256.988
1994,6,288.894
1994,5,398.731
1994,4,554.184
1994,3,839.968
1994,2,1073.82
1994,1,1216.717
1993,12,933.702
1993,11,638.638
1993,10,400.698
1993,9,291.183
1993,8,275.486
1993,7,277.085
1993,6,309.46
1993,5,387.146
1993,4,632.346
1993,3,931.355
1993,2,995.481
1993,1,1068.71
1992,12,964.67
1992,11,635.285
1992,10,416.925
1992,9,303.655
1992,8,268.044
1992,7,281.557
1992,6,310.112
1992,5,409.088
1992,4,614.533
1992,3,789.909
1992,2,913.852
1992,1,1042.786
1991,12,895.254
1991,11,659.526
1991,10,396.624
1991,9,280.798
1991,8,265.22
1991,7,274.458
1991,6,292.128
1991,5,382.78
1991,4,544.552
1991,3,779.406
1991,2,871.428
1991,1,1105.406
1990,12,860.83
1990,11,565.086
1990,10,385.055
1990,9,286.261
1990,8,278.475
1990,7,272.311
1990,6,307.172
1990,5,405.317
1990,4,571.686
1990,3,749.89
1990,2,852.315
1990,1,1019.259
1989,12,1122.782
1989,11,650.464
1989,10,445.034
1989,9,331.322
1989,8,315.708
1989,7,307.04
1989,6,339.729
1989,5,452.349
1989,4,630.575
1989,3,917.257
1989,2,1011.179
1989,1,1049.034
1988,12,915.548
1988,11,626.228
1988,10,449.246
1988,9,310.421
1988,8,300.467
1988,7,305.236
1988,6,322.275
1988,5,449.797
1988,4,609.177
1988,3,863.14
1988,2,1036.19
1988,1,1169.925
1987,12,874.267
1987,11,587.143
1987,10,449.573
1987,9,306.302
1987,8,283.891
1987,7,297.013
1987,6,313.497
1987,5,403.212
1987,4,603.738
1987,3,830.043
1987,2,942.036
1987,1,1034.087
1986,12,865.612
1986,11,564.304
1986,10,390.975
1986,9,302.018
1986,8,294.801
1986,7,294.348
1986,6,315.692
1986,5,423.511
1986,4,564.726
1986,3,835.4
1986,2,959.474
1986,1,1096.939
1985,12,969.107
1985,11,543.231
1985,10,404.569
1985,9,312.758
1985,8,301.992
1985,7,301.608
1985,6,327.17
1985,5,395.278
1985,4,598.168
1985,3,816.543
1985,2,1120.769
1985,1,1061.433
1984,12,831.298
1984,11,556.191
1984,10,376.911
1984,9,312.717
1984,8,298.541
1984,7,298.467
1984,6,337.586
1984,5,479.534
1984,4,680.173
1984,3,878.47
1984,2,944.75
1984,1,1217.642
1983,12,827.164
1983,11,521.056
1983,10,357.347
1983,9,281.535
1983,8,280.232
1983,7,280.856
1983,6,324.786
1983,5,446.742
1983,4,658.629
1983,3,822.105
1983,2,906.205
1983,1,1126.919
1982,12,822.372
1982,11,567.522
1982,10,406.525
1982,9,323.867
1982,8,277.113
1982,7,283.59
1982,6,323.654
1982,5,417.487
1982,4,683.342
1982,3,850.443
1982,2,1025.192
1982,1,1165.945
1981,12,881.812
1981,11,598.64
1981,10,452.926
1981,9,286.684
1981,8,276.109
1981,7,281.742
1981,6,316.953
1981,5,424.011
1981,4,535.409
1981,3,796.785
1981,2,1001.049
1981,1,1192.187
1980,12,964.382
1980,11,644.357
1980,10,433.995
1980,9,300.257
1980,8,277.249
1980,7,296.382
1980,6,356.143
1980,5,460.466
1980,4,640.924
1980,3,926.399
1980,2,1075.443
1980,1,1063.204
1979,12,899.959
1979,11,631.953
1979,10,437.786
1979,9,318.485
1979,8,311.417
1979,7,314.195
1979,6,359.452
1979,5,484.65
1979,4,685.282
1979,3,949.668
1979,2,1261.839
1979,1,1264.667
1978,12,1017.61
1978,11,673.031
1978,10,470.243
1978,9,346.006
1978,8,337.852
1978,7,325.162
1978,6,375.832
1978,5,532.405
1978,4,675.086
1978,3,1038.126
1978,2,1236.943
1978,1,1232.305
1977,12,1058.283
1977,11,647.249
1977,10,470.296
1977,9,330.422
1977,8,311.161
1977,7,318.04
1977,6,365.119
1977,5,462.08
1977,4,630.341
1977,3,869.111
1977,2,1244.153
1977,1,1488.04
1976,12,1204.077
1976,11,827.672
1976,10,484.198
1976,9,336.311
1976,8,305.673
1976,7,333.04
1976,6,403.688
1976,5,522.575
1976,4,674.091
1976,3,895.893
1976,2,1100.921
1976,1,1303.69
1975,12,1006.009
1975,11,582.293
1975,10,443.56
1975,9,341.999
1975,8,303.802
1975,7,318.568
1975,6,368.304
1975,5,526.079
1975,4,865.717
1975,3,997.785
1975,2,1090.754
1975,1,1145.426
1974,12,1016.87
1974,11,645.39
1974,10,484.835
1974,9,341.18
1974,8,297.214
1974,7,318.421
1974,6,369.658
1974,5,500.171
1974,4,723.904
1974,3,912.136
1974,2,1062.873
1974,1,1235.945
1973,12,987.464
1973,11,711.988
1973,10,448.425
1973,9,342.204
1973,8,313.317
1973,7,306.868
1973,6,366.934
1973,5,535.914
1973,4,715.391
1973,3,983.374
1973,2,1174.899
1973,1,1339.27
2022,12,1028.36
2022,11,186.813
2022,10,-399.801
2022,9,-266.567
2022,8,228.006
2022,7,177.285
2022,6,86.202
2022,5,-277.839
2022,4,-55.663
2022,3,355.506
2022,2,1057.432
2022,1,1284.631
2021,12,600.126
2021,11,195.378
2021,10,-300.581
2021,9,-246.694
2021,8,445.152
2021,7,259.73
2021,6,192.786
2021,5,-343.123
2021,4,-92.394
2021,3,28.549
2021,2,1390.471
2021,1,996.566
2020,12,1080.312
2020,11,83.525
2020,10,110.822
2020,9,-100.543
2020,8,302.183
2020,7,228.105
2020,6,-400.042
2020,5,-616.059
2020,4,-894.627
2020,3,-154.961
2020,2,598.038
2020,1,498.533
2019,12,406.68
2019,11,268.519
2019,10,-437.941
2019,9,-370.065
2019,8,-205.246
2019,7,-106.026
2019,6,-366.129
2019,5,-791.293
2019,4,-682.003
2019,3,352.057
2019,2,728.623
2019,1,804.778
2018,12,546.895
2018,11,321.536
2018,10,-267.908
2018,9,-400.679
2018,8,-168.194
2018,7,198.555
2018,6,-138.216
2018,5,-348.381
2018,4,-50.257
2018,3,352.546
2018,2,518.937
2018,1,1263.15
2017,12,1044.162
2017,11,186.998
2017,10,-153.751
2017,9,-127.641
2017,8,15.812
2017,7,336.697
2017,6,-30.199
2017,5,-355.074
2017,4,-256.264
2017,3,305.492
2017,2,304.921
2017,1,742.452
2016,12,1119.096
2016,11,-163.139
2016,10,-396.198
2016,9,-26.197
2016,8,308.322
2016,7,198.654
2016,6,150.384
2016,5,-341.573
2016,4,-185.456
2016,3,-123.058
2016,2,423.357
2016,1,817.237
2015,12,163.863
2015,11,-283.414
2015,10,-589.014
2015,9,-491.893
2015,8,-369.63
2015,7,-50.283
2015,6,-158.616
2015,5,-616.785
2015,4,-683.148
2015,3,-207.793
2015,2,897.979
2015,1,607.738
2014,12,142.671
2014,11,-33.42
2014,10,-658.763
2014,9,-582.765
2014,8,-275.642
2014,7,-261.249
2014,6,-273.018
2014,5,-683.998
2014,4,-562.363
2014,3,330.43
2014,2,1072.53
2014,1,1351.614
2013,12,1155.713
2013,11,334.034
2013,10,-132.405
2013,9,-281.856
2013,8,-100.449
2013,7,43.958
2013,6,-111.055
2013,5,-458.708
2013,4,-252.832
2013,3,555.115
2013,2,828.517
2013,1,849.347
2012,12,564.478
2012,11,16.022
2012,10,-359.968
2012,9,-383.864
2012,8,-4.757
2012,7,144.404
2012,6,-125.204
2012,5,-402.184
2012,4,-302.974
2012,3,-333.664
2012,2,298.156
2012,1,219.55
2011,12,346.585
2011,11,-261.912
2011,10,-579.19
2011,9,-290.707
2011,8,163.114
2011,7,221.49
2011,6,-151.886
2011,5,-519.063
2011,4,-349.574
2011,3,-7.902
2011,2,837.651
2011,1,980.394
2010,12,993.85
2010,11,-1.725
2010,10,-525.382
2010,9,-356.587
2010,8,95.633
2010,7,35.962
2010,6,-74.475
2010,5,-419.052
2010,4,-587.608
2010,3,-58.512
2010,2,779.115
2010,1,1034.547
2009,12,977.481
2009,11,-133.078
2009,10,-210.295
2009,9,-498.925
2009,8,-76.557
2009,7,-332.476
2009,6,-438.312
2009,5,-698.731
2009,4,-575.192
2009,3,-303.906
2009,2,273.279
2009,1,597.091
2008,12,348.46
2008,11,-251.408
2008,10,-561.986
2008,9,-221.251
2008,8,-344.082
2008,7,-202.458
2008,6,-182.431
2008,5,-451.421
2008,4,-355.466
2008,3,262.49
2008,2,750.785
2008,1,796.405
2007,12,692.675
2007,11,-68.042
2007,10,-391.278
2007,9,-289.631
2007,8,107.996
2007,7,-61.847
2007,6,-311.6
2007,5,-690.071
2007,4,-348.121
2007,3,-117.21
2007,2,1155.593
2007,1,536.106
2006,12,360.415
2006,11,-46.576
2006,10,-289.351
2006,9,-507.564
2006,8,-77.553
2006,7,9.555
2006,6,-351.217
2006,5,-684.335
2006,4,-447.816
2006,3,172.147
2006,2,474.756
2006,1,180.052
2005,12,800.39
2005,11,-263.934
2005,10,-390.948
2005,9,-41.987
2005,8,149.334
2005,7,33.392
2005,6,-213.434
2005,5,-491.583
2005,4,-424.29
2005,3,103.84
2005,2,433.747
2005,1,832.745
2004,12,670.729
2004,11,-113.091
2004,10,-325.574
2004,9,-160.154
2004,8,-202.38
2004,7,-157.571
2004,6,-363.682
2004,5,-331.169
2004,4,-229.953
2004,3,-11.179
2004,2,913.169
2004,1,1002.868
2003,12,670.417
2003,11,143.571
2003,10,-429.388
2003,9,-483.519
2003,8,65.952
2003,7,-24.724
2003,6,-484.298
2003,5,-662.77
2003,4,-372.977
2003,3,196.546
2003,2,1151.579
2003,1,1185.899
2002,12,758.735
2002,11,65.89
2002,10,-236.516
2002,9,-112.825
2002,8,74.954
2002,7,196.755
2002,6,-75.766
2002,5,-446.312
2002,4,-175.403
2002,3,277.871
2002,2,417.291
2002,1,415.375
2001,12,245.759
2001,11,-454.665
2001,10,-563.444
2001,9,-570.544
2001,8,-99.427
2001,7,-148.702
2001,6,-457.387
2001,5,-735.707
2001,4,-439.099
2001,3,-35.736
2001,2,547.824
2001,1,778.427
2000,12,1120.417
2000,11,130.264
2000,10,-243.858
2000,9,-200.748
2000,8,141.744
2000,7,105.211
2000,6,-97.827
2000,5,-79.212
2000,4,-120.092
2000,3,10.993
2000,2,724.425
2000,1,1038.043
1999,12,698.529
1999,11,-107.289
1999,10,-88.142
1999,9,-181.56
1999,8,217.118
1999,7,179.707
1999,6,-96.642
1999,5,-374.705
1999,4,-118.802
1999,3,176.366
1999,2,250.248
1999,1,822.705
1998,12,491.362
1998,11,-245.998
1998,10,-439.212
1998,9,-48.794
1998,8,96.105
1998,7,86.938
1998,6,-153.003
1998,5,-476.702
1998,4,-366.189
1998,3,129.496
1998,2,336.958
1998,1,448.116
1997,12,842.69
1997,11,280.021
1997,10,-288.775
1997,9,-317.664
1997,8,49.651
1997,7,251.829
1997,6,-239.929
1997,5,-590.444
1997,4,-51.508
1997,3,90.999
1997,2,545.694
1997,1,889.795
1996,12,704.737
1996,11,376.755
1996,10,-165.079
1996,9,-197.201
1996,8,-113.921
1996,7,-56.693
1996,6,-124.808
1996,5,-360.497
1996,4,-106.645
1996,3,428.224
1996,2,983.8
1996,1,1111.26
1995,12,986.032
1995,11,159.267
1995,10,-225.219
1995,9,-340.093
1995,8,274.605
1995,7,172.089
1995,6,-175.227
1995,5,-228.859
1995,4,19.778
1995,3,63.568
1995,2,714.827
1995,1,698.373
1994,12,339.224
1994,11,-219.386
1994,10,-285.952
1994,9,-534.198
1994,8,-306.169
1994,7,-146.952
1994,6,-148.46
1994,5,-521.044
1994,4,-323.337
1994,3,9.653
1994,2,868.748
1994,1,1297.963
1993,12,672.121
1993,11,104.186
1993,10,-297.004
1993,9,-159.841
1993,8,185.735
1993,7,240.358
1993,6,-187.543
1993,5,-373.319
1993,4,-110.557
1993,3,484.915
1993,2,820.386
1993,1,623.401
1992,12,769.97
1992,11,122.935
1992,10,-396.662
1992,9,-237.799
1992,8,-183.54
1992,7,9.631
1992,6,-154.83
1992,5,-187.164
1992,4,-1.359
1992,3,405.894
1992,2,594.618
1992,1,634.758
1991,12,659.082
1991,11,158.015
1991,10,-276.703
1991,9,-172.234
1991,8,-187.715
1991,7,149.042
1991,6,-130.927
1991,5,-366.601
1991,4,-264.742
1991,3,129.72
1991,2,387.292
1991,1,782.312
1990,12,791.643
1990,11,-21.59
1990,10,-231.607
1990,9,-33.839
1990,8,-76.565
1990,7,-136.588
1990,6,-223.801
1990,5,-465.019
1990,4,-77.158
1990,3,-8.481
1990,2,119.414
1990,1,65.094
1989,12,1400.438
1989,11,-82.413
1989,10,-331.554
1989,9,-353.947
1989,8,-318.252
1989,7,19.681
1989,6,-40.453
1989,5,-355.764
1989,4,-76.298
1989,3,448.911
1989,2,714.072
1989,1,326.454
1988,12,558.122
1988,11,-173.6
1988,10,-314.478
1988,9,-324.311
1988,8,-12.135
1988,7,158.659
1988,6,-68.124
1988,5,-364.226
1988,4,-145.559
1988,3,234.659
1988,2,576.522
1988,1,715.419
1987,12,395.3
1987,11,-351.87
1987,10,-544.376
1987,9,-473.074
1987,8,-276.581
1987,7,46.828
1987,6,-145.975
1987,5,-163.716
1987,4,67.679
1987,3,165.247
1987,2,578.527
1987,1,618.435
1986,12,279.762
1986,11,-244.57
1986,10,-488.362
1986,9,-515.514
1986,8,-311.39
1986,7,-52.872
1986,6,-322.853
1986,5,-346.323
1986,4,-48.284
1986,3,313.024
1986,2,594.526
1986,1,582.336
1985,12,584.066
1985,11,-134.645
1985,10,-351.075
1985,9,-310.781
1985,8,46.579
1985,7,30.629
1985,6,-218.837
1985,5,-491.088
1985,4,-175.61
1985,3,109.915
1985,2,1032.745
1985,1,967.338
1984,12,378.709
1984,11,-81.487
1984,10,-407.618
1984,9,-541.275
1984,8,-378.398
1984,7,-338.267
1984,6,-294.932
1984,5,-553.537
1984,4,-60.419
1984,3,210.073
1984,2,196.071
1984,1,958.467
1983,12,694.53
1983,11,-137.634
1983,10,-454.264
1983,9,-419.217
1983,8,-224.057
1983,7,-44.353
1983,6,-191.096
1983,5,-262.568
1983,4,31.185
1983,3,487.597
1983,2,562.861
1983,1,747.39
1982,12,402.519
1982,11,-81.028
1982,10,-340.962
1982,9,-422.708
1982,8,-430.863
1982,7,-304.981
1982,6,-549.912
1982,5,-541.984
1982,4,-2.017
1982,3,27.239
1982,2,530.27
1982,1,981.013
1981,12,468.348
1981,11,-136.429
1981,10,-448.601
1981,9,-692.172
1981,8,-509.471
1981,7,-273.337
1981,6,-184.218
1981,5,156.835
1981,4,331.906
1981,3,-86.788
1981,2,192.008
1981,1,914.377
1980,12,538.219
1980,11,81.628
1980,10,-179.291
1980,9,-289.239
1980,8,-290.075
1980,7,-125.692
1980,6,-572.578
1980,5,-644.948
1980,4,-472.372
1980,3,-12.339
1980,2,433.663
1980,1,302.537
1979,12,369.039
1979,11,-182.937
1979,10,-672.622
1979,9,-584.935
1979,8,-584.493
1979,7,-302.246
1979,6,-651.859
1979,5,-620.881
1979,4,-398.909
1979,3,7.815
1979,2,973.569
1979,1,1004.923
1978,12,422.408
1978,11,-251.623
1978,10,-558.751
1978,9,-610.06
1978,8,-459.619
1978,7,-437.914
1978,6,-614.643
1978,5,-617.937
1978,4,-497.0
1978,3,352.515
1978,2,1381.459
1978,1,1551.345
1977,12,1172.78
1977,11,-270.563
1977,10,-577.906
1977,9,-663.427
1977,8,-364.124
1977,7,-330.069
1977,6,-571.927
1977,5,-740.491
1977,4,-610.7
1977,3,-578.259
1977,2,276.578
1977,1,1308.942
1976,12,917.189
1976,11,358.976
1976,10,-184.24
1976,9,-618.356
1976,8,-382.852
1976,7,-234.563
1976,6,-513.435
1976,5,-420.022
1976,4,-256.462
1976,3,-100.949
1976,2,322.967
1976,1,939.402
1975,12,613.458
1975,11,-127.678
1975,10,-388.816
1975,9,-595.252
1975,8,-341.322
1975,7,-291.195
1975,6,-487.975
1975,5,-531.911
1975,4,-57.411
1975,3,211.704
1975,2,341.812
1975,1,593.424
1974,12,685.55
1974,11,500.07
1974,10,-169.305
1974,9,-364.592
1974,8,-314.204
1974,7,-334.259
1974,6,-389.243
1974,5,-666.03
1974,4,-385.81
1974,3,35.739
1974,2,463.145
1974,1,458.905
1973,12,489.137
1973,11,143.584
1973,10,-337.003
1973,9,-430.371
1973,8,-395.78
1973,7,-291.695
1973,6,-315.356
1973,5,-305.335
1973,4,-110.067
1973,3,-67.64
1973,2,390.129
1973,1,771.858
